year,pop_density,average_internet_speed,cost_of_living_index
2020,92.9,99.3,100
2021,93.43882,99.3,102.2
2022,93.98076516,99.3,104.4484
2023,94.52585359,99.3,106.7462648
2024,95.07410354,99.3,109.0946826
2025,95.62553335,99.3,111.4947656
2026,96.18016144,99.3,113.9476505
2027,96.73800638,99.3,116.4544988
2028,97.29908681,99.3,119.0164978
2029,97.86342152,99.3,121.6348607
2030,98.43102936,99.3,124.3108277
